DROP TABLE IF EXISTS "art";
CREATE TABLE "art" ("ARTID" INTEGER PRIMARY KEY  AUTOINCREMENT  NOT NULL  UNIQUE , "ARTISTID" INTEGER, "ARTNAME" VARCHAR(50), "DESCRIPTION" TEXT, "PRICE" NUMERIC(19,0), "LARGEIMAGE" VARCHAR(30), "MEDIAID" INTEGER, "ISSOLD" BOOL NOT NULL  DEFAULT 0);
INSERT INTO "art" VALUES(1,1,'charles1','Pastels/Charcoal',10000,'aiden01.jpg',1,1);
INSERT INTO "art" VALUES(2,1,'Michael','Pastels/Charcoal',13900,'aiden02.jpg',1,0);
INSERT INTO "art" VALUES(3,1,'Freddy','Pastels/Charcoal',12500,'aiden03.jpg',1,1);
INSERT INTO "art" VALUES(4,1,'Paulo','Pastels/Charcoal',11100,'aiden04.jpg',1,1);
INSERT INTO "art" VALUES(5,1,'Mary','Pastels/Charcoal',13550,'aiden05.jpg',1,1);
INSERT INTO "art" VALUES(6,3,'Space','Mixed Media',9800,'elecia01.jpg',2,1);
INSERT INTO "art" VALUES(7,3,'Leaning House','Mixed Media',7800,'elecia02.jpg',2,1);
INSERT INTO "art" VALUES(8,3,'Dude','Mixed Media',5600,'elecia03.jpg',2,1);
INSERT INTO "art" VALUES(9,3,'Hang Ten','Mixed Media',8900,'elecia04.jpg',2,0);
INSERT INTO "art" VALUES(10,3,'Life is a Horse','Mixed Media',10500,'elecia05.jpg',2,0);
INSERT INTO "art" VALUES(11,2,'1958','Charcoal ',75000,'austin01.jpg',1,1);
INSERT INTO "art" VALUES(12,2,'Toxic','Charcoal',22000,'austin02.jpg',1,1);
INSERT INTO "art" VALUES(13,2,'Prize Fight','Charcoal ',25000,'austin03.jpg',1,1);
INSERT INTO "art" VALUES(14,2,'You Dont Know Me','Charcoal',42700,'austin04.jpg',1,0);
INSERT INTO "art" VALUES(15,2,'Do it','Charcoal',30000,'austin05.jpg',1,1);
INSERT INTO "art" VALUES(16,4,'Bowl of Flowers','Acrylic',11800,'jeff01.jpg',1,1);
INSERT INTO "art" VALUES(17,4,'60 Vibe','Acrylic ',25000,'jeff02.jpg',1,0);
INSERT INTO "art" VALUES(18,4,'Naked','Acrylic',30000,'jeff03.jpg',1,1);
INSERT INTO "art" VALUES(19,4,'Sky','Acrylic',15000,'jeff04.jpg',1,1);
INSERT INTO "art" VALUES(20,4,'Slices of Life','Acrylic',20000,'jeff05.jpg',1,0);
INSERT INTO "art" VALUES(21,6,'Morning Forest','Oil',250000,'maxwell01.jpg',1,0);
INSERT INTO "art" VALUES(22,6,'Things','Oil',300000,'maxwell02.jpg',1,1);
INSERT INTO "art" VALUES(23,6,'The Lake','Oil',150000,'maxwell03.jpg',1,0);
INSERT INTO "art" VALUES(24,6,'Morph','Oil',10500,'maxwell04.jpg',1,0);
INSERT INTO "art" VALUES(25,6,'Ideas','Oil',250000,'maxwell05.jpg',1,1);
INSERT INTO "art" VALUES(26,5,'Christmas','Pastels',54000,'lori01.jpg',1,1);
INSERT INTO "art" VALUES(27,5,'Happiness','Pastels',65000,'lori02.jpg',1,1);
INSERT INTO "art" VALUES(28,5,'Closed','Pastels',40000,'lori03.jpg',1,0);
INSERT INTO "art" VALUES(29,5,'Enchanted Tree','Pastels',350000,'lori04.jpg',1,0);
INSERT INTO "art" VALUES(30,5,'Melon','Pastels',200000,'lori05.jpg',1,0);
INSERT INTO "art" VALUES(31,7,'Music','Oils',72000,'paul01.jpg',1,0);
INSERT INTO "art" VALUES(32,7,'Empty','Oils',35000,'paul02.jpg',1,1);
INSERT INTO "art" VALUES(33,7,'My Venus','Oils',58000,'paul03.jpg',1,0);
INSERT INTO "art" VALUES(34,7,'Man in Jeans','Oils',100000,'paul04.jpg',1,0);
INSERT INTO "art" VALUES(35,7,'Man on Stool','Oils',90000,'paul05.jpg',1,1);
INSERT INTO "art" VALUES(36,8,'Mystery','Pastels',250000,'raquel01.jpg',1,0);
INSERT INTO "art" VALUES(37,8,'Paradise','Pastels',300000,'raquel02.jpg',1,0);
INSERT INTO "art" VALUES(38,8,'Mountains','Pastels',150000,'raquel03.jpg',1,1);
INSERT INTO "art" VALUES(39,8,'Mom','Pastels',85000,'raquel04.jpg',1,0);
INSERT INTO "art" VALUES(40,8,'Beauty','Pastels',100000,'raquel05.jpg',1,0);
INSERT INTO "art" VALUES(41,9,'Cowboy','Watercolor',40000,'viata01.jpg',1,0);
INSERT INTO "art" VALUES(42,9,'Pretty Life','Watercolor',35000,'viata02.jpg',1,0);
INSERT INTO "art" VALUES(43,9,'Singer','Watercolor',56500,'viata03.jpg',1,0);
INSERT INTO "art" VALUES(44,9,'Windy','Watercolor',36000,'viata04.jpg',1,1);
INSERT INTO "art" VALUES(45,9,'Yellow to Me','Watercolor',20000,'viata05.jpg',1,1);
INSERT INTO "art" VALUES(46,19,'Garden','Photograph',35000,'anthony01.jpg',6,1);
INSERT INTO "art" VALUES(47,19,'Flower','Photograph',20000,'anthony02.jpg',6,0);
INSERT INTO "art" VALUES(48,19,'White Flowers','Photograph',45000,'anthony03.jpg',6,1);
INSERT INTO "art" VALUES(49,19,'Ground Cover','Photograph',3456764,'anthony04.jpg',6,0);
INSERT INTO "art" VALUES(50,19,'Blue Moon','Photograph',30000,'anthony05.jpg',6,1);
INSERT INTO "art" VALUES(51,20,'Cow','Painting',23000,'ellery01.jpg',0,0);
INSERT INTO "art" VALUES(52,20,'Picasso','Painting',14000,'ellery02.jpg',0,0);
INSERT INTO "art" VALUES(53,21,'Miro','Painting',10000,'emma01.jpg',0,0);
INSERT INTO "art" VALUES(54,22,'Dino','Painting',12000,'taylor01.jpg',0,0);
INSERT INTO "art" VALUES(55,4,'sda',NULL,10,'7',NULL,0);
DROP TABLE IF EXISTS "artists";
CREATE TABLE "artists" ("ARTISTID" INTEGER PRIMARY KEY  NOT NULL ,"FIRSTNAME" VARCHAR(20),"LASTNAME" VARCHAR(20),"ADDRESS" VARCHAR(50),"CITY" VARCHAR(20),"STATE" VARCHAR(2),"POSTALCODE" VARCHAR(10),"EMAIL" VARCHAR(50),"PHONE" VARCHAR(20),"FAX" VARCHAR(12),"THEPASSWORD" VARCHAR(8), "DATECREATED" VARCHAR(20), "active" BOOL NOT NULL  DEFAULT 1);
INSERT INTO "artists" VALUES(1,'Aiden','Donolan','352 Corporate Ave.','Denver','CO','80206-4526','aiden.donolan@donolan.com','555-751-8464','555-751-8463','peapod',NULL,1);
INSERT INTO "artists" VALUES(2,'Austin','Weber','25463 Main Street, Suite C','Berkeley','CA','94707-4513','austin@life.com','555-513-4318','510-513-4888','nopolyes',NULL,1);
INSERT INTO "artists" VALUES(3,'Elicia','Kim','2523 National Blvd','Los Angeles','CA','90064-5134','eleciakim@newmedia.com','555-846-4613','','longtail',NULL,1);
INSERT INTO "artists" VALUES(4,'Jeff','Baclawski','903 Boardwalk Ave','Hollywood','FL','33021-8894','user@demodata.com','239-213-4561','239-213-7465','demo',NULL,1);
INSERT INTO "artists" VALUES(5,'Lori','Johnson','6462 Cowtown Rd','Pierre','SD','57501-7782','lb@bovinas.com','605-776-8461','605-776-8462','nowhere',NULL,1);
INSERT INTO "artists" VALUES(6,'Maxwell','Wilson','72500 MLK Blvd','Tulsa','OK','74116-4613','max@mypaintings.com','918-347-4513','918-456-1315','eyeball',NULL,1);
INSERT INTO "artists" VALUES(7,'Paul','Trani','3320 Fashion Dr','New York','NY','10017-1231','paul.trani@trani.com','212-630-5345',NULL,'ouchy',NULL,1);
INSERT INTO "artists" VALUES(8,'Raquel','Young','1120 Presidential Ave','Atlanta','GA','39901-4813','raquel@soulpaints.com','770-397-9486','770-391-8435','cmyk',NULL,1);
INSERT INTO "artists" VALUES(9,'Viata','Trenton','4563 42nd St','New York','NY','10012-4562','trenton.v@trenton.com','212-456-8468','212-468-8765','pillow',NULL,1);
INSERT INTO "artists" VALUES(10,'Diane','Demo','123 Demo Lane','Denver','CO','55555','diane@demo.com','555-555-5555','','demo',NULL,1);
INSERT INTO "artists" VALUES(11,'Anthony','Kunovic','111 94th Ave','Aspen','CO','90809','aj@ajgalleries.com','970-555-1373',NULL,'overlord',NULL,1);
INSERT INTO "artists" VALUES(12,'Ellery','Buntel','23 Elm St','Washington','DC','77893','ellery.buntel@myart.com','637-902-7200','637-300-2888','crayon',NULL,1);
INSERT INTO "artists" VALUES(13,'Emma','Buntel','789 Main St','Washington','DC','77834','emma.buntel@myart.com','637-930-2999',NULL,'bluebird',NULL,1);
INSERT INTO "artists" VALUES(14,'Taylor Webb','Frazier','58 Plaza Ct','Santa Fe','NM','34453','taylor.webb@myart.com','444-333-9876',NULL,'icecream',NULL,1);
INSERT INTO "artists" VALUES(15,'Mike','Nimer','qwed qdsa','asd da','ca','01321','me@m.com','123456','no','admin','2016-10-21 16:00:00',0);
INSERT INTO "artists" VALUES(16,'MikeX','NimerX','qwed qdsa','asd da','ca','01321','me@m.com','123456','no','admin','2016-10-21 16:00:00',0);
INSERT INTO "artists" VALUES(17,'MikeX','NimerX','qwed qdsa','asd da','ca','01321','me@m.com','123456','no','admin','2016-10-21 16:00:00',0);
INSERT INTO "artists" VALUES(18,'MikeX','NimerX','qwed qdsa','asd da','ca','01321','me@m.com','123456','no','admin','2016-10-21 16:00:00',0);
INSERT INTO "artists" VALUES(19,'MikeX','NimerX','qwed qdsa','asd da','ca','01321','me@m.com','123456','no','admin','2016-10-21 16:00:00',0);
INSERT INTO "artists" VALUES(20,'MikeX','NimerX','qwed qdsa','asd da','ca','01321','me@m.com','123456','no','admin','2016-10-21 16:00:00',0);
DROP TABLE IF EXISTS "galleryadmin";
CREATE TABLE "galleryadmin" ("GALLERYADMINID" INTEGER PRIMARY KEY  AUTOINCREMENT  NOT NULL  UNIQUE , "FIRSTNAME" VARCHAR(20), "LASTNAME" VARCHAR(20), "EMAIL" VARCHAR(50), "ADMINPASSWORD" VARCHAR(8));
INSERT INTO "galleryadmin" VALUES(1,'Suzanne','White','swhite@fashiongalleria.com','bludress');
INSERT INTO "galleryadmin" VALUES(2,'Mike','Green','mgreen@fashiongalleria.com','organza');
INSERT INTO "galleryadmin" VALUES(3,'Darrell','Demo','admin@demodata.com','demo');
DROP TABLE IF EXISTS "media";
CREATE TABLE "media" ("MEDIAID" INTEGER PRIMARY KEY  AUTOINCREMENT  NOT NULL  UNIQUE , "MEDIATYPE" VARCHAR(50));
INSERT INTO "media" VALUES(1,'Painting');
INSERT INTO "media" VALUES(2,'Sculpure');
INSERT INTO "media" VALUES(3,'Pottery');
INSERT INTO "media" VALUES(4,'Jewelry');
INSERT INTO "media" VALUES(5,'Tapestry');
INSERT INTO "media" VALUES(6,'Photography');
INSERT INTO "media" VALUES(7,'Functional');
INSERT INTO "media" VALUES(8,'Wearable');
DROP TABLE IF EXISTS "orderitems";
CREATE TABLE "orderitems" ("ORDERITEMID" INTEGER PRIMARY KEY  AUTOINCREMENT  NOT NULL  UNIQUE , "ORDERID" INTEGER, "ARTID" INTEGER, "PRICE" NUMERIC(19,0));
INSERT INTO "orderitems" VALUES(1,1,1,10000);
INSERT INTO "orderitems" VALUES(2,2,3,12400);
INSERT INTO "orderitems" VALUES(3,2,5,13550);
INSERT INTO "orderitems" VALUES(4,3,6,9800);
INSERT INTO "orderitems" VALUES(5,4,7,7800);
INSERT INTO "orderitems" VALUES(6,5,8,5600);
INSERT INTO "orderitems" VALUES(7,6,11,75000);
INSERT INTO "orderitems" VALUES(8,7,12,22000);
INSERT INTO "orderitems" VALUES(9,8,15,30000);
INSERT INTO "orderitems" VALUES(10,9,16,11800);
INSERT INTO "orderitems" VALUES(11,10,18,30000);
INSERT INTO "orderitems" VALUES(12,11,44,36000);
INSERT INTO "orderitems" VALUES(13,12,45,20000);
INSERT INTO "orderitems" VALUES(14,13,38,150000);
INSERT INTO "orderitems" VALUES(15,14,35,90000);
INSERT INTO "orderitems" VALUES(16,15,32,35000);
INSERT INTO "orderitems" VALUES(17,16,19,15000);
INSERT INTO "orderitems" VALUES(18,17,25,250000);
INSERT INTO "orderitems" VALUES(19,18,4,11100);
INSERT INTO "orderitems" VALUES(20,19,22,300000);
INSERT INTO "orderitems" VALUES(21,20,27,65000);
INSERT INTO "orderitems" VALUES(22,21,46,35000);
INSERT INTO "orderitems" VALUES(23,22,48,45000);
INSERT INTO "orderitems" VALUES(24,23,50,30000);
DROP TABLE IF EXISTS "orders";
CREATE TABLE "orders" ("ORDERID" INTEGER PRIMARY KEY  AUTOINCREMENT  NOT NULL  UNIQUE , "TAX" NUMERIC(19,0), "TOTAL" NUMERIC(19,0), "ORDERDATE" DATETIME NOT NULL  DEFAULT CURRENT_TIMESTAMP, "ORDERSTATUSID" INTEGER, "CUSTOMERFIRSTNAME" VARCHAR(20), "CUSTOMERLASTNAME" VARCHAR(20), "ADDRESS" VARCHAR(50), "CITY" VARCHAR(20), "STATE" VARCHAR(2), "POSTALCODE" VARCHAR(10), "PHONE" VARCHAR(20));
INSERT INTO "orders" VALUES(1,400,10400,'2003-06-10 00:00:00',1,'Bob','Green','12 Gover St','Oakland','CA','45794',NULL);
INSERT INTO "orders" VALUES(2,1038,26988,'2002-07-02 00:00:00',5,'Sue','White','123 4th St','Greeley','CO','55555',NULL);
INSERT INTO "orders" VALUES(3,392,10192,'2001-06-05 00:00:00',5,'Tiffany','Rose','11267 Green St','Seattle','WA','34567',NULL);
INSERT INTO "orders" VALUES(4,312,8112,'2003-06-18 00:00:00',5,'Frank','Smith','78 45th Ave','Las Vegas','NV','68689',NULL);
INSERT INTO "orders" VALUES(5,224,5824,'2001-05-22 00:00:00',5,'Anthony','Shumacher','988 Brownlee Way','Denver','CO','30604',NULL);
INSERT INTO "orders" VALUES(6,3000,78000,'2004-04-01 00:00:00',1,'Jerry','Day','689 Dell Ave','Santa Fe','NM','39087',NULL);
INSERT INTO "orders" VALUES(7,880,22880,'2001-08-28 00:00:00',5,'Dave','Cardinal','234 Phoenix Way','Phoenix','AZ','33399',NULL);
INSERT INTO "orders" VALUES(8,1200,31200,'2002-12-25 00:00:00',5,'Mary','Carter','944 Eaton Way','Colorado Springs','CO','90004',NULL);
INSERT INTO "orders" VALUES(9,472,12272,'2001-01-13 00:00:00',5,'Cheryl','Masters','6 23rd','Ogden','UT','56555',NULL);
INSERT INTO "orders" VALUES(10,1200,31200,'2004-02-05 00:00:00',2,'Louahn','Lloyd','Scottsdale Circle','Scottsdale','AZ','45677',NULL);
INSERT INTO "orders" VALUES(11,1440,37440,'2004-09-19 00:00:00',2,'Nancy','Smithers','4 Palm Dr','Houston','TX','34500',NULL);
INSERT INTO "orders" VALUES(12,800,20800,'2003-05-25 00:00:00',5,'Bob','Franks','456 W. 6th','Deadwood','OK','98999',NULL);
INSERT INTO "orders" VALUES(13,6000,156000,'2003-07-09 00:00:00',5,'Michael','Harvey','23 Land Park','Cheyenne','WY','80906',NULL);
INSERT INTO "orders" VALUES(14,3600,93600,'2003-12-11 00:00:00',5,'Jane','Downs','234 54th St','New York','NY','20405',NULL);
INSERT INTO "orders" VALUES(15,1400,36400,'2004-01-30 00:00:00',2,'Kerry','Kerns','34 Lincoln Way','Boston','MA','30445',NULL);
INSERT INTO "orders" VALUES(16,600,15600,'2004-03-16 00:00:00',2,'Emily','Michaels','8999 1st Ave','Anytown','AK','90806',NULL);
INSERT INTO "orders" VALUES(17,10000,260000,'2004-05-25 00:00:00',2,'Joe','Anthony','1555 Quail St','Denver','CO','80215',NULL);
INSERT INTO "orders" VALUES(18,444,11544,'2004-06-13 00:00:00',2,'Pauette','Crow','45 54th Drive','Dallas','TX','34120',NULL);
INSERT INTO "orders" VALUES(19,12000,312000,'2004-07-25 00:00:00',2,'David','Kissler','5673 Summit Ave','Los Angeles','CA','80910',NULL);
INSERT INTO "orders" VALUES(20,2600,67600,'2004-08-12 00:00:00',2,'Matt','Armstrong','76 120th','Kansas City','KS','44980',NULL);
INSERT INTO "orders" VALUES(21,1400,36400,'2003-03-16 00:00:00',5,'Joe','Kunovic','3987 Frontage Road','Boston','MA','39500',NULL);
INSERT INTO "orders" VALUES(22,1800,46800,'2004-03-16 00:00:00',3,'Annette','Kunovic','4589 Main St','New York','NY','89993',NULL);
INSERT INTO "orders" VALUES(23,1200,31200,'2004-06-19 00:00:00',1,'Allen','Rice','34 First Lane','Los Angeles','CA','67839',NULL);
DROP TABLE IF EXISTS "orderstatus";
CREATE TABLE "orderstatus" ("ORDERSTATUSID" INTEGER PRIMARY KEY  AUTOINCREMENT  NOT NULL  UNIQUE , "STATUS" VARCHAR(15));
INSERT INTO "orderstatus" VALUES(1,'pending');
INSERT INTO "orderstatus" VALUES(2,'complete');
INSERT INTO "orderstatus" VALUES(3,'shipped');
INSERT INTO "orderstatus" VALUES(4,'billed');
INSERT INTO "orderstatus" VALUES(5,'paid');
